[
	{
		"city_id": 35687,
		"city_name": "Da Nang",
		"date_weather": [
			{
				"date": "2021/05/19",
				"info": {
					"weather": "Sunny",
					"temperature": 30,
					"humidity": 0.6,
					"wind_speed": 27.54
				}
			},
			{
				"date": "2021/05/20",
				"info": {
					"weather": "Rainy",
					"temperature": 26,
					"humidity": 0.9,
					"wind_speed": 37.54
				}
			}
		]
	},
	{
		"city_id": 32248,
		"city_name": "Ho Chi Minh",
		"date_weather": [
			{
				"date": "2021/05/19",
				"info": {
					"weather": "Stormy",
					"temperature": 34,
					"humidity": 0.6,
					"wind_speed": 18.7
				}
			},
			{
				"date": "2021/05/20",
				"info": {
					"weather": "Cloudy",
					"temperature": 37,
					"humidity": 0.5,
					"wind_speed": 24.7
				}
			},
			{
				"date": "2021/05/21",
				"info": {
					"weather": "Rainy",
					"temperature": 26,
					"humidity": 0.87,
					"wind_speed": 33.7
				}
			},
			{
				"date": "2021/05/22",
				"info": {
					"weather": "Sunny",
					"temperature": 39,
					"humidity": 0.6,
					"wind_speed": 10.7
				}
			},
			{
				"date": "2021/05/23",
				"info": {
					"weather": "Sunny + Cloudy",
					"temperature": 28,
					"humidity": 0.6,
					"wind_speed": 28.9
				}
			}
		]
	},
	{
		"city_id": 42361,
		"city_name": "Ha Noi",
		"date_weather": [
			{
				"date": "2021/05/19",
				"info": {
					"weather": "Rainy",
					"temperature": 25,
					"humidity": 0.78,
					"wind_speed": 18.1
				}
			},
			{
				"date": "2021/05/20",
				"info": {
					"weather": "Rainy",
					"temperature": 26,
					"humidity": 0.8,
					"wind_speed": 24.3
				}
			},
			{
				"date": "2021/05/21",
				"info": {
					"weather": "Stormy",
					"temperature": 27,
					"humidity": 0.87,
					"wind_speed": 33.2
				}
			},
			{
				"date": "2021/05/22",
				"info": {
					"weather": "Stormy",
					"temperature": 26,
					"humidity": 0.98,
					"wind_speed": 10.5
				}
			},
			{
				"date": "2021/05/23",
				"info": {
					"weather": "Cloudy",
					"temperature": 25,
					"humidity": 0.76,
					"wind_speed": 18.9
				}
			}
		]
	}
]